{"cameraMode":{"drawMode":0,"name":"Shaded","section":"Shading Mode"},"sceneLighting":false,"audioPlay":false,"sceneViewState":{"m_AlwaysRefresh":false,"showFog":true,"showSkybox":false,"showFlares":true,"showImageEffects":true,"showParticleSystems":true,"showVisualEffectGraphs":true,"m_FxEnabled":true},"in2DMode":false,"pivot":{"x":-0.05931750684976578,"y":-0.03909002244472504,"z":0.0488114207983017},"rotation":{"x":-0.00037019001320004463,"y":-0.9935030341148377,"z":0.11385192722082138,"w":-0.0032747634686529638},"size":0.20389263331890107,"orthographic":true}