{"cameraMode":{"drawMode":0,"name":"Shaded","section":"Shading Mode"},"sceneLighting":false,"audioPlay":false,"sceneViewState":{"m_AlwaysRefresh":false,"showFog":true,"showSkybox":false,"showFlares":true,"showImageEffects":true,"showParticleSystems":true,"showVisualEffectGraphs":true,"m_FxEnabled":true},"in2DMode":false,"pivot":{"x":0.3490000069141388,"y":1.409999966621399,"z":0.1080000028014183},"rotation":{"x":-0.011443688534200192,"y":-0.9701479077339172,"z":0.046698637306690219,"w":-0.2377149760723114},"size":0.22022715210914613,"orthographic":false}