{"cameraMode":{"drawMode":0,"name":"Shaded","section":"Shading Mode"},"sceneLighting":true,"audioPlay":false,"sceneViewState":{"m_AlwaysRefresh":false,"showFog":true,"showSkybox":true,"showFlares":true,"showImageEffects":true,"showParticleSystems":true,"showVisualEffectGraphs":true,"m_FxEnabled":true},"in2DMode":false,"pivot":{"x":1.0242100954055787,"y":2.4956130981445314,"z":1.3779244422912598},"rotation":{"x":0.011991963721811772,"y":-0.9500699639320374,"z":0.30968356132507326,"w":0.036789122968912128},"size":0.9063095450401306,"orthographic":true}