{"cameraMode":{"drawMode":0,"name":"Shaded","section":"Shading Mode"},"sceneLighting":false,"audioPlay":false,"sceneViewState":{"m_AlwaysRefresh":false,"showFog":true,"showSkybox":false,"showFlares":true,"showImageEffects":true,"showParticleSystems":true,"showVisualEffectGraphs":true,"m_FxEnabled":true},"in2DMode":false,"pivot":{"x":1.159999966621399,"y":2.234999895095825,"z":0.1080000028014183},"rotation":{"x":0.34610339999198916,"y":-0.6492591500282288,"z":0.5246077179908752,"w":0.4283614754676819},"size":0.21354441344738007,"orthographic":true}