{"cameraMode":{"drawMode":0,"name":"Shaded","section":"Shading Mode"},"sceneLighting":false,"audioPlay":false,"sceneViewState":{"m_AlwaysRefresh":false,"showFog":true,"showSkybox":false,"showFlares":true,"showImageEffects":true,"showParticleSystems":true,"showVisualEffectGraphs":true,"m_FxEnabled":true},"in2DMode":false,"pivot":{"x":-0.04146517813205719,"y":-0.001842922531068325,"z":0.05966729298233986},"rotation":{"x":0.001102474401704967,"y":-0.9965002536773682,"z":-0.013355896808207035,"w":-0.08269380033016205},"size":0.15681317448616029,"orthographic":true}